iteracija,najbolja_vrijednost_iteracije,najbolja_vrijednost_globalno,najbolje_rjesenje_globalno
1,187710990,187710990,29 0 8 25 20 17 2 13 32 1 15 34 4 27 10 31 24 30 7 19 26 9 11 3 35 22 21 23 16 14 12 28 5 33 18 6
2,186972194,186972194,5 6 25 1 12 7 18 17 21 11 0 26 15 27 4 2 13 22 20 32 19 24 29 3 28 14 23 8 34 35 9 31 33 10 30 16
3,187514659,186972194,5 6 25 1 12 7 18 17 21 11 0 26 15 27 4 2 13 22 20 32 19 24 29 3 28 14 23 8 34 35 9 31 33 10 30 16
4,186014482,186014482,7 3 29 17 1 11 30 26 32 21 14 15 6 24 20 5 33 13 0 12 31 34 18 35 27 25 23 9 22 16 19 2 10 28 4 8
5,187589443,186014482,7 3 29 17 1 11 30 26 32 21 14 15 6 24 20 5 33 13 0 12 31 34 18 35 27 25 23 9 22 16 19 2 10 28 4 8
6,186515960,186014482,7 3 29 17 1 11 30 26 32 21 14 15 6 24 20 5 33 13 0 12 31 34 18 35 27 25 23 9 22 16 19 2 10 28 4 8
7,186914286,186014482,7 3 29 17 1 11 30 26 32 21 14 15 6 24 20 5 33 13 0 12 31 34 18 35 27 25 23 9 22 16 19 2 10 28 4 8
8,186613031,186014482,7 3 29 17 1 11 30 26 32 21 14 15 6 24 20 5 33 13 0 12 31 34 18 35 27 25 23 9 22 16 19 2 10 28 4 8
9,186874852,186014482,7 3 29 17 1 11 30 26 32 21 14 15 6 24 20 5 33 13 0 12 31 34 18 35 27 25 23 9 22 16 19 2 10 28 4 8
10,186565337,186014482,7 3 29 17 1 11 30 26 32 21 14 15 6 24 20 5 33 13 0 12 31 34 18 35 27 25 23 9 22 16 19 2 10 28 4 8
11,186846619,186014482,7 3 29 17 1 11 30 26 32 21 14 15 6 24 20 5 33 13 0 12 31 34 18 35 27 25 23 9 22 16 19 2 10 28 4 8
12,187076812,186014482,7 3 29 17 1 11 30 26 32 21 14 15 6 24 20 5 33 13 0 12 31 34 18 35 27 25 23 9 22 16 19 2 10 28 4 8
13,186407463,186014482,7 3 29 17 1 11 30 26 32 21 14 15 6 24 20 5 33 13 0 12 31 34 18 35 27 25 23 9 22 16 19 2 10 28 4 8
14,186910243,186014482,7 3 29 17 1 11 30 26 32 21 14 15 6 24 20 5 33 13 0 12 31 34 18 35 27 25 23 9 22 16 19 2 10 28 4 8
15,187351479,186014482,7 3 29 17 1 11 30 26 32 21 14 15 6 24 20 5 33 13 0 12 31 34 18 35 27 25 23 9 22 16 19 2 10 28 4 8
16,185552152,185552152,31 8 24 0 25 16 28 13 11 30 2 6 15 21 1 20 14 23 34 17 19 12 4 32 33 27 35 10 22 5 29 9 7 26 18 3
17,186938020,185552152,31 8 24 0 25 16 28 13 11 30 2 6 15 21 1 20 14 23 34 17 19 12 4 32 33 27 35 10 22 5 29 9 7 26 18 3
18,186860951,185552152,31 8 24 0 25 16 28 13 11 30 2 6 15 21 1 20 14 23 34 17 19 12 4 32 33 27 35 10 22 5 29 9 7 26 18 3
19,186235579,185552152,31 8 24 0 25 16 28 13 11 30 2 6 15 21 1 20 14 23 34 17 19 12 4 32 33 27 35 10 22 5 29 9 7 26 18 3
20,185926860,185552152,31 8 24 0 25 16 28 13 11 30 2 6 15 21 1 20 14 23 34 17 19 12 4 32 33 27 35 10 22 5 29 9 7 26 18 3
21,187499570,185552152,31 8 24 0 25 16 28 13 11 30 2 6 15 21 1 20 14 23 34 17 19 12 4 32 33 27 35 10 22 5 29 9 7 26 18 3
22,187926192,185552152,31 8 24 0 25 16 28 13 11 30 2 6 15 21 1 20 14 23 34 17 19 12 4 32 33 27 35 10 22 5 29 9 7 26 18 3
23,187681946,185552152,31 8 24 0 25 16 28 13 11 30 2 6 15 21 1 20 14 23 34 17 19 12 4 32 33 27 35 10 22 5 29 9 7 26 18 3
24,187034428,185552152,31 8 24 0 25 16 28 13 11 30 2 6 15 21 1 20 14 23 34 17 19 12 4 32 33 27 35 10 22 5 29 9 7 26 18 3
25,186682509,185552152,31 8 24 0 25 16 28 13 11 30 2 6 15 21 1 20 14 23 34 17 19 12 4 32 33 27 35 10 22 5 29 9 7 26 18 3
26,185729478,185552152,31 8 24 0 25 16 28 13 11 30 2 6 15 21 1 20 14 23 34 17 19 12 4 32 33 27 35 10 22 5 29 9 7 26 18 3
27,188596687,185552152,31 8 24 0 25 16 28 13 11 30 2 6 15 21 1 20 14 23 34 17 19 12 4 32 33 27 35 10 22 5 29 9 7 26 18 3
28,188358376,185552152,31 8 24 0 25 16 28 13 11 30 2 6 15 21 1 20 14 23 34 17 19 12 4 32 33 27 35 10 22 5 29 9 7 26 18 3
29,187051709,185552152,31 8 24 0 25 16 28 13 11 30 2 6 15 21 1 20 14 23 34 17 19 12 4 32 33 27 35 10 22 5 29 9 7 26 18 3
30,187029158,185552152,31 8 24 0 25 16 28 13 11 30 2 6 15 21 1 20 14 23 34 17 19 12 4 32 33 27 35 10 22 5 29 9 7 26 18 3
31,186358522,185552152,31 8 24 0 25 16 28 13 11 30 2 6 15 21 1 20 14 23 34 17 19 12 4 32 33 27 35 10 22 5 29 9 7 26 18 3
32,186167318,185552152,31 8 24 0 25 16 28 13 11 30 2 6 15 21 1 20 14 23 34 17 19 12 4 32 33 27 35 10 22 5 29 9 7 26 18 3
33,186377288,185552152,31 8 24 0 25 16 28 13 11 30 2 6 15 21 1 20 14 23 34 17 19 12 4 32 33 27 35 10 22 5 29 9 7 26 18 3
34,185154948,185154948,6 35 16 24 31 7 3 10 25 14 18 0 1 17 8 29 34 32 19 11 20 4 33 23 12 27 9 26 15 28 30 5 21 2 22 13
35,186909602,185154948,6 35 16 24 31 7 3 10 25 14 18 0 1 17 8 29 34 32 19 11 20 4 33 23 12 27 9 26 15 28 30 5 21 2 22 13
36,184956628,184956628,15 19 11 8 30 7 4 26 31 34 23 12 18 5 6 32 29 10 14 35 16 9 2 20 17 27 13 22 3 21 1 25 24 0 33 28
37,185460398,184956628,15 19 11 8 30 7 4 26 31 34 23 12 18 5 6 32 29 10 14 35 16 9 2 20 17 27 13 22 3 21 1 25 24 0 33 28
38,186822656,184956628,15 19 11 8 30 7 4 26 31 34 23 12 18 5 6 32 29 10 14 35 16 9 2 20 17 27 13 22 3 21 1 25 24 0 33 28
39,185552999,184956628,15 19 11 8 30 7 4 26 31 34 23 12 18 5 6 32 29 10 14 35 16 9 2 20 17 27 13 22 3 21 1 25 24 0 33 28
40,185926732,184956628,15 19 11 8 30 7 4 26 31 34 23 12 18 5 6 32 29 10 14 35 16 9 2 20 17 27 13 22 3 21 1 25 24 0 33 28
41,187497736,184956628,15 19 11 8 30 7 4 26 31 34 23 12 18 5 6 32 29 10 14 35 16 9 2 20 17 27 13 22 3 21 1 25 24 0 33 28
42,187045120,184956628,15 19 11 8 30 7 4 26 31 34 23 12 18 5 6 32 29 10 14 35 16 9 2 20 17 27 13 22 3 21 1 25 24 0 33 28
43,186852960,184956628,15 19 11 8 30 7 4 26 31 34 23 12 18 5 6 32 29 10 14 35 16 9 2 20 17 27 13 22 3 21 1 25 24 0 33 28
44,187126336,184956628,15 19 11 8 30 7 4 26 31 34 23 12 18 5 6 32 29 10 14 35 16 9 2 20 17 27 13 22 3 21 1 25 24 0 33 28
45,185988032,184956628,15 19 11 8 30 7 4 26 31 34 23 12 18 5 6 32 29 10 14 35 16 9 2 20 17 27 13 22 3 21 1 25 24 0 33 28
46,186799830,184956628,15 19 11 8 30 7 4 26 31 34 23 12 18 5 6 32 29 10 14 35 16 9 2 20 17 27 13 22 3 21 1 25 24 0 33 28
47,186517235,184956628,15 19 11 8 30 7 4 26 31 34 23 12 18 5 6 32 29 10 14 35 16 9 2 20 17 27 13 22 3 21 1 25 24 0 33 28
48,186665395,184956628,15 19 11 8 30 7 4 26 31 34 23 12 18 5 6 32 29 10 14 35 16 9 2 20 17 27 13 22 3 21 1 25 24 0 33 28
49,185711080,184956628,15 19 11 8 30 7 4 26 31 34 23 12 18 5 6 32 29 10 14 35 16 9 2 20 17 27 13 22 3 21 1 25 24 0 33 28
50,185753620,184956628,15 19 11 8 30 7 4 26 31 34 23 12 18 5 6 32 29 10 14 35 16 9 2 20 17 27 13 22 3 21 1 25 24 0 33 28
51,187377868,184956628,15 19 11 8 30 7 4 26 31 34 23 12 18 5 6 32 29 10 14 35 16 9 2 20 17 27 13 22 3 21 1 25 24 0 33 28
52,187394271,184956628,15 19 11 8 30 7 4 26 31 34 23 12 18 5 6 32 29 10 14 35 16 9 2 20 17 27 13 22 3 21 1 25 24 0 33 28
53,187638333,184956628,15 19 11 8 30 7 4 26 31 34 23 12 18 5 6 32 29 10 14 35 16 9 2 20 17 27 13 22 3 21 1 25 24 0 33 28
54,184827882,184827882,17 35 24 0 2 26 28 29 10 30 34 16 18 7 6 1 9 8 22 3 33 31 12 32 15 27 20 4 21 19 23 25 13 11 14 5
55,186557100,184827882,17 35 24 0 2 26 28 29 10 30 34 16 18 7 6 1 9 8 22 3 33 31 12 32 15 27 20 4 21 19 23 25 13 11 14 5
56,185890372,184827882,17 35 24 0 2 26 28 29 10 30 34 16 18 7 6 1 9 8 22 3 33 31 12 32 15 27 20 4 21 19 23 25 13 11 14 5
57,186985232,184827882,17 35 24 0 2 26 28 29 10 30 34 16 18 7 6 1 9 8 22 3 33 31 12 32 15 27 20 4 21 19 23 25 13 11 14 5
58,187438074,184827882,17 35 24 0 2 26 28 29 10 30 34 16 18 7 6 1 9 8 22 3 33 31 12 32 15 27 20 4 21 19 23 25 13 11 14 5
59,186067835,184827882,17 35 24 0 2 26 28 29 10 30 34 16 18 7 6 1 9 8 22 3 33 31 12 32 15 27 20 4 21 19 23 25 13 11 14 5
60,186485651,184827882,17 35 24 0 2 26 28 29 10 30 34 16 18 7 6 1 9 8 22 3 33 31 12 32 15 27 20 4 21 19 23 25 13 11 14 5
61,185289232,184827882,17 35 24 0 2 26 28 29 10 30 34 16 18 7 6 1 9 8 22 3 33 31 12 32 15 27 20 4 21 19 23 25 13 11 14 5
62,186092989,184827882,17 35 24 0 2 26 28 29 10 30 34 16 18 7 6 1 9 8 22 3 33 31 12 32 15 27 20 4 21 19 23 25 13 11 14 5
63,186206970,184827882,17 35 24 0 2 26 28 29 10 30 34 16 18 7 6 1 9 8 22 3 33 31 12 32 15 27 20 4 21 19 23 25 13 11 14 5
64,185811441,184827882,17 35 24 0 2 26 28 29 10 30 34 16 18 7 6 1 9 8 22 3 33 31 12 32 15 27 20 4 21 19 23 25 13 11 14 5
65,185993020,184827882,17 35 24 0 2 26 28 29 10 30 34 16 18 7 6 1 9 8 22 3 33 31 12 32 15 27 20 4 21 19 23 25 13 11 14 5
66,187248923,184827882,17 35 24 0 2 26 28 29 10 30 34 16 18 7 6 1 9 8 22 3 33 31 12 32 15 27 20 4 21 19 23 25 13 11 14 5
67,185415917,184827882,17 35 24 0 2 26 28 29 10 30 34 16 18 7 6 1 9 8 22 3 33 31 12 32 15 27 20 4 21 19 23 25 13 11 14 5
68,187901214,184827882,17 35 24 0 2 26 28 29 10 30 34 16 18 7 6 1 9 8 22 3 33 31 12 32 15 27 20 4 21 19 23 25 13 11 14 5
69,185962293,184827882,17 35 24 0 2 26 28 29 10 30 34 16 18 7 6 1 9 8 22 3 33 31 12 32 15 27 20 4 21 19 23 25 13 11 14 5
70,187944857,184827882,17 35 24 0 2 26 28 29 10 30 34 16 18 7 6 1 9 8 22 3 33 31 12 32 15 27 20 4 21 19 23 25 13 11 14 5
71,186856243,184827882,17 35 24 0 2 26 28 29 10 30 34 16 18 7 6 1 9 8 22 3 33 31 12 32 15 27 20 4 21 19 23 25 13 11 14 5
72,185041915,184827882,17 35 24 0 2 26 28 29 10 30 34 16 18 7 6 1 9 8 22 3 33 31 12 32 15 27 20 4 21 19 23 25 13 11 14 5
73,187087928,184827882,17 35 24 0 2 26 28 29 10 30 34 16 18 7 6 1 9 8 22 3 33 31 12 32 15 27 20 4 21 19 23 25 13 11 14 5
74,186091014,184827882,17 35 24 0 2 26 28 29 10 30 34 16 18 7 6 1 9 8 22 3 33 31 12 32 15 27 20 4 21 19 23 25 13 11 14 5
75,184727630,184727630,18 5 6 3 17 21 34 13 4 20 22 23 31 14 1 32 12 0 11 24 33 2 30 8 26 10 16 29 25 28 9 19 7 35 27 15
76,187513103,184727630,18 5 6 3 17 21 34 13 4 20 22 23 31 14 1 32 12 0 11 24 33 2 30 8 26 10 16 29 25 28 9 19 7 35 27 15
77,186624863,184727630,18 5 6 3 17 21 34 13 4 20 22 23 31 14 1 32 12 0 11 24 33 2 30 8 26 10 16 29 25 28 9 19 7 35 27 15
78,185650396,184727630,18 5 6 3 17 21 34 13 4 20 22 23 31 14 1 32 12 0 11 24 33 2 30 8 26 10 16 29 25 28 9 19 7 35 27 15
79,187109245,184727630,18 5 6 3 17 21 34 13 4 20 22 23 31 14 1 32 12 0 11 24 33 2 30 8 26 10 16 29 25 28 9 19 7 35 27 15
80,186819033,184727630,18 5 6 3 17 21 34 13 4 20 22 23 31 14 1 32 12 0 11 24 33 2 30 8 26 10 16 29 25 28 9 19 7 35 27 15
81,186133975,184727630,18 5 6 3 17 21 34 13 4 20 22 23 31 14 1 32 12 0 11 24 33 2 30 8 26 10 16 29 25 28 9 19 7 35 27 15
82,186528633,184727630,18 5 6 3 17 21 34 13 4 20 22 23 31 14 1 32 12 0 11 24 33 2 30 8 26 10 16 29 25 28 9 19 7 35 27 15
83,186526790,184727630,18 5 6 3 17 21 34 13 4 20 22 23 31 14 1 32 12 0 11 24 33 2 30 8 26 10 16 29 25 28 9 19 7 35 27 15
84,186582849,184727630,18 5 6 3 17 21 34 13 4 20 22 23 31 14 1 32 12 0 11 24 33 2 30 8 26 10 16 29 25 28 9 19 7 35 27 15
85,186184415,184727630,18 5 6 3 17 21 34 13 4 20 22 23 31 14 1 32 12 0 11 24 33 2 30 8 26 10 16 29 25 28 9 19 7 35 27 15
86,187254313,184727630,18 5 6 3 17 21 34 13 4 20 22 23 31 14 1 32 12 0 11 24 33 2 30 8 26 10 16 29 25 28 9 19 7 35 27 15
87,187028469,184727630,18 5 6 3 17 21 34 13 4 20 22 23 31 14 1 32 12 0 11 24 33 2 30 8 26 10 16 29 25 28 9 19 7 35 27 15
88,186398002,184727630,18 5 6 3 17 21 34 13 4 20 22 23 31 14 1 32 12 0 11 24 33 2 30 8 26 10 16 29 25 28 9 19 7 35 27 15
89,187522744,184727630,18 5 6 3 17 21 34 13 4 20 22 23 31 14 1 32 12 0 11 24 33 2 30 8 26 10 16 29 25 28 9 19 7 35 27 15
90,187089738,184727630,18 5 6 3 17 21 34 13 4 20 22 23 31 14 1 32 12 0 11 24 33 2 30 8 26 10 16 29 25 28 9 19 7 35 27 15
91,186583677,184727630,18 5 6 3 17 21 34 13 4 20 22 23 31 14 1 32 12 0 11 24 33 2 30 8 26 10 16 29 25 28 9 19 7 35 27 15
92,186351847,184727630,18 5 6 3 17 21 34 13 4 20 22 23 31 14 1 32 12 0 11 24 33 2 30 8 26 10 16 29 25 28 9 19 7 35 27 15
93,185849251,184727630,18 5 6 3 17 21 34 13 4 20 22 23 31 14 1 32 12 0 11 24 33 2 30 8 26 10 16 29 25 28 9 19 7 35 27 15
94,186273684,184727630,18 5 6 3 17 21 34 13 4 20 22 23 31 14 1 32 12 0 11 24 33 2 30 8 26 10 16 29 25 28 9 19 7 35 27 15
95,187257662,184727630,18 5 6 3 17 21 34 13 4 20 22 23 31 14 1 32 12 0 11 24 33 2 30 8 26 10 16 29 25 28 9 19 7 35 27 15
96,186751643,184727630,18 5 6 3 17 21 34 13 4 20 22 23 31 14 1 32 12 0 11 24 33 2 30 8 26 10 16 29 25 28 9 19 7 35 27 15
97,187701747,184727630,18 5 6 3 17 21 34 13 4 20 22 23 31 14 1 32 12 0 11 24 33 2 30 8 26 10 16 29 25 28 9 19 7 35 27 15
98,187017138,184727630,18 5 6 3 17 21 34 13 4 20 22 23 31 14 1 32 12 0 11 24 33 2 30 8 26 10 16 29 25 28 9 19 7 35 27 15
99,186991443,184727630,18 5 6 3 17 21 34 13 4 20 22 23 31 14 1 32 12 0 11 24 33 2 30 8 26 10 16 29 25 28 9 19 7 35 27 15
100,187311296,184727630,18 5 6 3 17 21 34 13 4 20 22 23 31 14 1 32 12 0 11 24 33 2 30 8 26 10 16 29 25 28 9 19 7 35 27 15
101,187776448,184727630,18 5 6 3 17 21 34 13 4 20 22 23 31 14 1 32 12 0 11 24 33 2 30 8 26 10 16 29 25 28 9 19 7 35 27 15
102,187572758,184727630,18 5 6 3 17 21 34 13 4 20 22 23 31 14 1 32 12 0 11 24 33 2 30 8 26 10 16 29 25 28 9 19 7 35 27 15
103,184118285,184118285,18 5 13 19 31 11 32 33 27 3 22 9 4 35 10 6 12 24 29 8 0 25 2 20 26 14 16 7 34 28 23 30 17 21 1 15
104,186895668,184118285,18 5 13 19 31 11 32 33 27 3 22 9 4 35 10 6 12 24 29 8 0 25 2 20 26 14 16 7 34 28 23 30 17 21 1 15
105,186222452,184118285,18 5 13 19 31 11 32 33 27 3 22 9 4 35 10 6 12 24 29 8 0 25 2 20 26 14 16 7 34 28 23 30 17 21 1 15
106,187419492,184118285,18 5 13 19 31 11 32 33 27 3 22 9 4 35 10 6 12 24 29 8 0 25 2 20 26 14 16 7 34 28 23 30 17 21 1 15
107,186955769,184118285,18 5 13 19 31 11 32 33 27 3 22 9 4 35 10 6 12 24 29 8 0 25 2 20 26 14 16 7 34 28 23 30 17 21 1 15
108,187763775,184118285,18 5 13 19 31 11 32 33 27 3 22 9 4 35 10 6 12 24 29 8 0 25 2 20 26 14 16 7 34 28 23 30 17 21 1 15
109,187595442,184118285,18 5 13 19 31 11 32 33 27 3 22 9 4 35 10 6 12 24 29 8 0 25 2 20 26 14 16 7 34 28 23 30 17 21 1 15
110,186758928,184118285,18 5 13 19 31 11 32 33 27 3 22 9 4 35 10 6 12 24 29 8 0 25 2 20 26 14 16 7 34 28 23 30 17 21 1 15
111,182920675,182920675,28 17 7 30 2 25 26 6 10 14 34 12 16 5 18 31 9 29 15 4 11 3 24 35 33 19 22 32 20 1 27 8 13 0 23 21
112,187035142,182920675,28 17 7 30 2 25 26 6 10 14 34 12 16 5 18 31 9 29 15 4 11 3 24 35 33 19 22 32 20 1 27 8 13 0 23 21
113,185867435,182920675,28 17 7 30 2 25 26 6 10 14 34 12 16 5 18 31 9 29 15 4 11 3 24 35 33 19 22 32 20 1 27 8 13 0 23 21
114,187277577,182920675,28 17 7 30 2 25 26 6 10 14 34 12 16 5 18 31 9 29 15 4 11 3 24 35 33 19 22 32 20 1 27 8 13 0 23 21
115,187245894,182920675,28 17 7 30 2 25 26 6 10 14 34 12 16 5 18 31 9 29 15 4 11 3 24 35 33 19 22 32 20 1 27 8 13 0 23 21
116,187140170,182920675,28 17 7 30 2 25 26 6 10 14 34 12 16 5 18 31 9 29 15 4 11 3 24 35 33 19 22 32 20 1 27 8 13 0 23 21
117,187018345,182920675,28 17 7 30 2 25 26 6 10 14 34 12 16 5 18 31 9 29 15 4 11 3 24 35 33 19 22 32 20 1 27 8 13 0 23 21
118,184182788,182920675,28 17 7 30 2 25 26 6 10 14 34 12 16 5 18 31 9 29 15 4 11 3 24 35 33 19 22 32 20 1 27 8 13 0 23 21
119,187317643,182920675,28 17 7 30 2 25 26 6 10 14 34 12 16 5 18 31 9 29 15 4 11 3 24 35 33 19 22 32 20 1 27 8 13 0 23 21
120,186824838,182920675,28 17 7 30 2 25 26 6 10 14 34 12 16 5 18 31 9 29 15 4 11 3 24 35 33 19 22 32 20 1 27 8 13 0 23 21
121,187679686,182920675,28 17 7 30 2 25 26 6 10 14 34 12 16 5 18 31 9 29 15 4 11 3 24 35 33 19 22 32 20 1 27 8 13 0 23 21
122,186370113,182920675,28 17 7 30 2 25 26 6 10 14 34 12 16 5 18 31 9 29 15 4 11 3 24 35 33 19 22 32 20 1 27 8 13 0 23 21
123,186419037,182920675,28 17 7 30 2 25 26 6 10 14 34 12 16 5 18 31 9 29 15 4 11 3 24 35 33 19 22 32 20 1 27 8 13 0 23 21
124,186034573,182920675,28 17 7 30 2 25 26 6 10 14 34 12 16 5 18 31 9 29 15 4 11 3 24 35 33 19 22 32 20 1 27 8 13 0 23 21
125,186370208,182920675,28 17 7 30 2 25 26 6 10 14 34 12 16 5 18 31 9 29 15 4 11 3 24 35 33 19 22 32 20 1 27 8 13 0 23 21
126,186202559,182920675,28 17 7 30 2 25 26 6 10 14 34 12 16 5 18 31 9 29 15 4 11 3 24 35 33 19 22 32 20 1 27 8 13 0 23 21
127,187142981,182920675,28 17 7 30 2 25 26 6 10 14 34 12 16 5 18 31 9 29 15 4 11 3 24 35 33 19 22 32 20 1 27 8 13 0 23 21
128,187096272,182920675,28 17 7 30 2 25 26 6 10 14 34 12 16 5 18 31 9 29 15 4 11 3 24 35 33 19 22 32 20 1 27 8 13 0 23 21
129,186262100,182920675,28 17 7 30 2 25 26 6 10 14 34 12 16 5 18 31 9 29 15 4 11 3 24 35 33 19 22 32 20 1 27 8 13 0 23 21
130,186634408,182920675,28 17 7 30 2 25 26 6 10 14 34 12 16 5 18 31 9 29 15 4 11 3 24 35 33 19 22 32 20 1 27 8 13 0 23 21
131,186803389,182920675,28 17 7 30 2 25 26 6 10 14 34 12 16 5 18 31 9 29 15 4 11 3 24 35 33 19 22 32 20 1 27 8 13 0 23 21
132,186286233,182920675,28 17 7 30 2 25 26 6 10 14 34 12 16 5 18 31 9 29 15 4 11 3 24 35 33 19 22 32 20 1 27 8 13 0 23 21
133,185850022,182920675,28 17 7 30 2 25 26 6 10 14 34 12 16 5 18 31 9 29 15 4 11 3 24 35 33 19 22 32 20 1 27 8 13 0 23 21
134,187039602,182920675,28 17 7 30 2 25 26 6 10 14 34 12 16 5 18 31 9 29 15 4 11 3 24 35 33 19 22 32 20 1 27 8 13 0 23 21
135,187341293,182920675,28 17 7 30 2 25 26 6 10 14 34 12 16 5 18 31 9 29 15 4 11 3 24 35 33 19 22 32 20 1 27 8 13 0 23 21
136,187292567,182920675,28 17 7 30 2 25 26 6 10 14 34 12 16 5 18 31 9 29 15 4 11 3 24 35 33 19 22 32 20 1 27 8 13 0 23 21
137,184504679,182920675,28 17 7 30 2 25 26 6 10 14 34 12 16 5 18 31 9 29 15 4 11 3 24 35 33 19 22 32 20 1 27 8 13 0 23 21
138,186667527,182920675,28 17 7 30 2 25 26 6 10 14 34 12 16 5 18 31 9 29 15 4 11 3 24 35 33 19 22 32 20 1 27 8 13 0 23 21
139,185044508,182920675,28 17 7 30 2 25 26 6 10 14 34 12 16 5 18 31 9 29 15 4 11 3 24 35 33 19 22 32 20 1 27 8 13 0 23 21
140,185952286,182920675,28 17 7 30 2 25 26 6 10 14 34 12 16 5 18 31 9 29 15 4 11 3 24 35 33 19 22 32 20 1 27 8 13 0 23 21
141,186007681,182920675,28 17 7 30 2 25 26 6 10 14 34 12 16 5 18 31 9 29 15 4 11 3 24 35 33 19 22 32 20 1 27 8 13 0 23 21
142,185981308,182920675,28 17 7 30 2 25 26 6 10 14 34 12 16 5 18 31 9 29 15 4 11 3 24 35 33 19 22 32 20 1 27 8 13 0 23 21
143,183276058,182920675,28 17 7 30 2 25 26 6 10 14 34 12 16 5 18 31 9 29 15 4 11 3 24 35 33 19 22 32 20 1 27 8 13 0 23 21
144,185388371,182920675,28 17 7 30 2 25 26 6 10 14 34 12 16 5 18 31 9 29 15 4 11 3 24 35 33 19 22 32 20 1 27 8 13 0 23 21
145,186564911,182920675,28 17 7 30 2 25 26 6 10 14 34 12 16 5 18 31 9 29 15 4 11 3 24 35 33 19 22 32 20 1 27 8 13 0 23 21
146,185252993,182920675,28 17 7 30 2 25 26 6 10 14 34 12 16 5 18 31 9 29 15 4 11 3 24 35 33 19 22 32 20 1 27 8 13 0 23 21
147,186516118,182920675,28 17 7 30 2 25 26 6 10 14 34 12 16 5 18 31 9 29 15 4 11 3 24 35 33 19 22 32 20 1 27 8 13 0 23 21
148,186058177,182920675,28 17 7 30 2 25 26 6 10 14 34 12 16 5 18 31 9 29 15 4 11 3 24 35 33 19 22 32 20 1 27 8 13 0 23 21
149,187757604,182920675,28 17 7 30 2 25 26 6 10 14 34 12 16 5 18 31 9 29 15 4 11 3 24 35 33 19 22 32 20 1 27 8 13 0 23 21
150,185132091,182920675,28 17 7 30 2 25 26 6 10 14 34 12 16 5 18 31 9 29 15 4 11 3 24 35 33 19 22 32 20 1 27 8 13 0 23 21
151,186694542,182920675,28 17 7 30 2 25 26 6 10 14 34 12 16 5 18 31 9 29 15 4 11 3 24 35 33 19 22 32 20 1 27 8 13 0 23 21
152,186339105,182920675,28 17 7 30 2 25 26 6 10 14 34 12 16 5 18 31 9 29 15 4 11 3 24 35 33 19 22 32 20 1 27 8 13 0 23 21
153,186911465,182920675,28 17 7 30 2 25 26 6 10 14 34 12 16 5 18 31 9 29 15 4 11 3 24 35 33 19 22 32 20 1 27 8 13 0 23 21
154,186237008,182920675,28 17 7 30 2 25 26 6 10 14 34 12 16 5 18 31 9 29 15 4 11 3 24 35 33 19 22 32 20 1 27 8 13 0 23 21
155,185850091,182920675,28 17 7 30 2 25 26 6 10 14 34 12 16 5 18 31 9 29 15 4 11 3 24 35 33 19 22 32 20 1 27 8 13 0 23 21
156,185601746,182920675,28 17 7 30 2 25 26 6 10 14 34 12 16 5 18 31 9 29 15 4 11 3 24 35 33 19 22 32 20 1 27 8 13 0 23 21
157,185673757,182920675,28 17 7 30 2 25 26 6 10 14 34 12 16 5 18 31 9 29 15 4 11 3 24 35 33 19 22 32 20 1 27 8 13 0 23 21
158,186936445,182920675,28 17 7 30 2 25 26 6 10 14 34 12 16 5 18 31 9 29 15 4 11 3 24 35 33 19 22 32 20 1 27 8 13 0 23 21
159,185911170,182920675,28 17 7 30 2 25 26 6 10 14 34 12 16 5 18 31 9 29 15 4 11 3 24 35 33 19 22 32 20 1 27 8 13 0 23 21
160,186303885,182920675,28 17 7 30 2 25 26 6 10 14 34 12 16 5 18 31 9 29 15 4 11 3 24 35 33 19 22 32 20 1 27 8 13 0 23 21
161,186423911,182920675,28 17 7 30 2 25 26 6 10 14 34 12 16 5 18 31 9 29 15 4 11 3 24 35 33 19 22 32 20 1 27 8 13 0 23 21
162,186776413,182920675,28 17 7 30 2 25 26 6 10 14 34 12 16 5 18 31 9 29 15 4 11 3 24 35 33 19 22 32 20 1 27 8 13 0 23 21
163,186081540,182920675,28 17 7 30 2 25 26 6 10 14 34 12 16 5 18 31 9 29 15 4 11 3 24 35 33 19 22 32 20 1 27 8 13 0 23 21
164,186095895,182920675,28 17 7 30 2 25 26 6 10 14 34 12 16 5 18 31 9 29 15 4 11 3 24 35 33 19 22 32 20 1 27 8 13 0 23 21
165,185914984,182920675,28 17 7 30 2 25 26 6 10 14 34 12 16 5 18 31 9 29 15 4 11 3 24 35 33 19 22 32 20 1 27 8 13 0 23 21
166,184669594,182920675,28 17 7 30 2 25 26 6 10 14 34 12 16 5 18 31 9 29 15 4 11 3 24 35 33 19 22 32 20 1 27 8 13 0 23 21
167,186236603,182920675,28 17 7 30 2 25 26 6 10 14 34 12 16 5 18 31 9 29 15 4 11 3 24 35 33 19 22 32 20 1 27 8 13 0 23 21
168,184298483,182920675,28 17 7 30 2 25 26 6 10 14 34 12 16 5 18 31 9 29 15 4 11 3 24 35 33 19 22 32 20 1 27 8 13 0 23 21
169,185720023,182920675,28 17 7 30 2 25 26 6 10 14 34 12 16 5 18 31 9 29 15 4 11 3 24 35 33 19 22 32 20 1 27 8 13 0 23 21
170,187371097,182920675,28 17 7 30 2 25 26 6 10 14 34 12 16 5 18 31 9 29 15 4 11 3 24 35 33 19 22 32 20 1 27 8 13 0 23 21
171,185266771,182920675,28 17 7 30 2 25 26 6 10 14 34 12 16 5 18 31 9 29 15 4 11 3 24 35 33 19 22 32 20 1 27 8 13 0 23 21
172,184968755,182920675,28 17 7 30 2 25 26 6 10 14 34 12 16 5 18 31 9 29 15 4 11 3 24 35 33 19 22 32 20 1 27 8 13 0 23 21
173,185984985,182920675,28 17 7 30 2 25 26 6 10 14 34 12 16 5 18 31 9 29 15 4 11 3 24 35 33 19 22 32 20 1 27 8 13 0 23 21
174,185388514,182920675,28 17 7 30 2 25 26 6 10 14 34 12 16 5 18 31 9 29 15 4 11 3 24 35 33 19 22 32 20 1 27 8 13 0 23 21
175,185196881,182920675,28 17 7 30 2 25 26 6 10 14 34 12 16 5 18 31 9 29 15 4 11 3 24 35 33 19 22 32 20 1 27 8 13 0 23 21
176,184959463,182920675,28 17 7 30 2 25 26 6 10 14 34 12 16 5 18 31 9 29 15 4 11 3 24 35 33 19 22 32 20 1 27 8 13 0 23 21
177,185952810,182920675,28 17 7 30 2 25 26 6 10 14 34 12 16 5 18 31 9 29 15 4 11 3 24 35 33 19 22 32 20 1 27 8 13 0 23 21
178,185632725,182920675,28 17 7 30 2 25 26 6 10 14 34 12 16 5 18 31 9 29 15 4 11 3 24 35 33 19 22 32 20 1 27 8 13 0 23 21
179,185365933,182920675,28 17 7 30 2 25 26 6 10 14 34 12 16 5 18 31 9 29 15 4 11 3 24 35 33 19 22 32 20 1 27 8 13 0 23 21
180,185229135,182920675,28 17 7 30 2 25 26 6 10 14 34 12 16 5 18 31 9 29 15 4 11 3 24 35 33 19 22 32 20 1 27 8 13 0 23 21
181,184151242,182920675,28 17 7 30 2 25 26 6 10 14 34 12 16 5 18 31 9 29 15 4 11 3 24 35 33 19 22 32 20 1 27 8 13 0 23 21
182,183943291,182920675,28 17 7 30 2 25 26 6 10 14 34 12 16 5 18 31 9 29 15 4 11 3 24 35 33 19 22 32 20 1 27 8 13 0 23 21
183,185581263,182920675,28 17 7 30 2 25 26 6 10 14 34 12 16 5 18 31 9 29 15 4 11 3 24 35 33 19 22 32 20 1 27 8 13 0 23 21
184,185689656,182920675,28 17 7 30 2 25 26 6 10 14 34 12 16 5 18 31 9 29 15 4 11 3 24 35 33 19 22 32 20 1 27 8 13 0 23 21
185,186583208,182920675,28 17 7 30 2 25 26 6 10 14 34 12 16 5 18 31 9 29 15 4 11 3 24 35 33 19 22 32 20 1 27 8 13 0 23 21
186,185349115,182920675,28 17 7 30 2 25 26 6 10 14 34 12 16 5 18 31 9 29 15 4 11 3 24 35 33 19 22 32 20 1 27 8 13 0 23 21
187,186447091,182920675,28 17 7 30 2 25 26 6 10 14 34 12 16 5 18 31 9 29 15 4 11 3 24 35 33 19 22 32 20 1 27 8 13 0 23 21
188,184709506,182920675,28 17 7 30 2 25 26 6 10 14 34 12 16 5 18 31 9 29 15 4 11 3 24 35 33 19 22 32 20 1 27 8 13 0 23 21
189,185019633,182920675,28 17 7 30 2 25 26 6 10 14 34 12 16 5 18 31 9 29 15 4 11 3 24 35 33 19 22 32 20 1 27 8 13 0 23 21
190,185013863,182920675,28 17 7 30 2 25 26 6 10 14 34 12 16 5 18 31 9 29 15 4 11 3 24 35 33 19 22 32 20 1 27 8 13 0 23 21
191,184392749,182920675,28 17 7 30 2 25 26 6 10 14 34 12 16 5 18 31 9 29 15 4 11 3 24 35 33 19 22 32 20 1 27 8 13 0 23 21
192,184791358,182920675,28 17 7 30 2 25 26 6 10 14 34 12 16 5 18 31 9 29 15 4 11 3 24 35 33 19 22 32 20 1 27 8 13 0 23 21
193,184206025,182920675,28 17 7 30 2 25 26 6 10 14 34 12 16 5 18 31 9 29 15 4 11 3 24 35 33 19 22 32 20 1 27 8 13 0 23 21
194,183511489,182920675,28 17 7 30 2 25 26 6 10 14 34 12 16 5 18 31 9 29 15 4 11 3 24 35 33 19 22 32 20 1 27 8 13 0 23 21
195,185680333,182920675,28 17 7 30 2 25 26 6 10 14 34 12 16 5 18 31 9 29 15 4 11 3 24 35 33 19 22 32 20 1 27 8 13 0 23 21
196,183615324,182920675,28 17 7 30 2 25 26 6 10 14 34 12 16 5 18 31 9 29 15 4 11 3 24 35 33 19 22 32 20 1 27 8 13 0 23 21
197,184156698,182920675,28 17 7 30 2 25 26 6 10 14 34 12 16 5 18 31 9 29 15 4 11 3 24 35 33 19 22 32 20 1 27 8 13 0 23 21
198,182901171,182901171,28 17 7 0 2 25 26 6 10 14 34 15 8 3 20 11 9 29 33 4 24 30 5 32 27 19 22 35 1 23 16 12 13 21 18 31
199,183407796,182901171,28 17 7 0 2 25 26 6 10 14 34 15 8 3 20 11 9 29 33 4 24 30 5 32 27 19 22 35 1 23 16 12 13 21 18 31
200,183200632,182901171,28 17 7 0 2 25 26 6 10 14 34 15 8 3 20 11 9 29 33 4 24 30 5 32 27 19 22 35 1 23 16 12 13 21 18 31
201,184741314,182901171,28 17 7 0 2 25 26 6 10 14 34 15 8 3 20 11 9 29 33 4 24 30 5 32 27 19 22 35 1 23 16 12 13 21 18 31
202,185153512,182901171,28 17 7 0 2 25 26 6 10 14 34 15 8 3 20 11 9 29 33 4 24 30 5 32 27 19 22 35 1 23 16 12 13 21 18 31
203,184489558,182901171,28 17 7 0 2 25 26 6 10 14 34 15 8 3 20 11 9 29 33 4 24 30 5 32 27 19 22 35 1 23 16 12 13 21 18 31
204,184863253,182901171,28 17 7 0 2 25 26 6 10 14 34 15 8 3 20 11 9 29 33 4 24 30 5 32 27 19 22 35 1 23 16 12 13 21 18 31
205,182804126,182804126,28 17 7 11 2 25 26 13 10 35 34 16 18 5 0 21 9 14 15 4 24 3 30 20 33 19 22 32 1 23 27 8 12 29 6 31
206,184058234,182804126,28 17 7 11 2 25 26 13 10 35 34 16 18 5 0 21 9 14 15 4 24 3 30 20 33 19 22 32 1 23 27 8 12 29 6 31
207,184096441,182804126,28 17 7 11 2 25 26 13 10 35 34 16 18 5 0 21 9 14 15 4 24 3 30 20 33 19 22 32 1 23 27 8 12 29 6 31
208,182612629,182612629,34 5 31 30 2 25 26 6 10 16 14 12 7 13 20 1 9 24 15 4 11 3 0 32 33 19 22 35 18 23 27 8 29 21 17 28
209,184240715,182612629,34 5 31 30 2 25 26 6 10 16 14 12 7 13 20 1 9 24 15 4 11 3 0 32 33 19 22 35 18 23 27 8 29 21 17 28
210,182535822,182535822,13 17 7 5 2 12 26 6 10 14 34 9 18 3 35 31 22 24 15 4 11 30 16 32 33 19 25 27 1 20 28 8 0 21 23 29
211,182801150,182535822,13 17 7 5 2 12 26 6 10 14 34 9 18 3 35 31 22 24 15 4 11 30 16 32 33 19 25 27 1 20 28 8 0 21 23 29
212,184623569,182535822,13 17 7 5 2 12 26 6 10 14 34 9 18 3 35 31 22 24 15 4 11 30 16 32 33 19 25 27 1 20 28 8 0 21 23 29
213,184374249,182535822,13 17 7 5 2 12 26 6 10 14 34 9 18 3 35 31 22 24 15 4 11 30 16 32 33 19 25 27 1 20 28 8 0 21 23 29
214,183543417,182535822,13 17 7 5 2 12 26 6 10 14 34 9 18 3 35 31 22 24 15 4 11 30 16 32 33 19 25 27 1 20 28 8 0 21 23 29
215,185396847,182535822,13 17 7 5 2 12 26 6 10 14 34 9 18 3 35 31 22 24 15 4 11 30 16 32 33 19 25 27 1 20 28 8 0 21 23 29
216,184006771,182535822,13 17 7 5 2 12 26 6 10 14 34 9 18 3 35 31 22 24 15 4 11 30 16 32 33 19 25 27 1 20 28 8 0 21 23 29
217,183451218,182535822,13 17 7 5 2 12 26 6 10 14 34 9 18 3 35 31 22 24 15 4 11 30 16 32 33 19 25 27 1 20 28 8 0 21 23 29
218,185417455,182535822,13 17 7 5 2 12 26 6 10 14 34 9 18 3 35 31 22 24 15 4 11 30 16 32 33 19 25 27 1 20 28 8 0 21 23 29
219,185618909,182535822,13 17 7 5 2 12 26 6 10 14 34 9 18 3 35 31 22 24 15 4 11 30 16 32 33 19 25 27 1 20 28 8 0 21 23 29
220,184729987,182535822,13 17 7 5 2 12 26 6 10 14 34 9 18 3 35 31 22 24 15 4 11 30 16 32 33 19 25 27 1 20 28 8 0 21 23 29
221,184397606,182535822,13 17 7 5 2 12 26 6 10 14 34 9 18 3 35 31 22 24 15 4 11 30 16 32 33 19 25 27 1 20 28 8 0 21 23 29
222,183745558,182535822,13 17 7 5 2 12 26 6 10 14 34 9 18 3 35 31 22 24 15 4 11 30 16 32 33 19 25 27 1 20 28 8 0 21 23 29
223,184219526,182535822,13 17 7 5 2 12 26 6 10 14 34 9 18 3 35 31 22 24 15 4 11 30 16 32 33 19 25 27 1 20 28 8 0 21 23 29
224,183827732,182535822,13 17 7 5 2 12 26 6 10 14 34 9 18 3 35 31 22 24 15 4 11 30 16 32 33 19 25 27 1 20 28 8 0 21 23 29
225,185195580,182535822,13 17 7 5 2 12 26 6 10 14 34 9 18 3 35 31 22 24 15 4 11 30 16 32 33 19 25 27 1 20 28 8 0 21 23 29
226,185050159,182535822,13 17 7 5 2 12 26 6 10 14 34 9 18 3 35 31 22 24 15 4 11 30 16 32 33 19 25 27 1 20 28 8 0 21 23 29
227,183346577,182535822,13 17 7 5 2 12 26 6 10 14 34 9 18 3 35 31 22 24 15 4 11 30 16 32 33 19 25 27 1 20 28 8 0 21 23 29
228,184053915,182535822,13 17 7 5 2 12 26 6 10 14 34 9 18 3 35 31 22 24 15 4 11 30 16 32 33 19 25 27 1 20 28 8 0 21 23 29
229,184224129,182535822,13 17 7 5 2 12 26 6 10 14 34 9 18 3 35 31 22 24 15 4 11 30 16 32 33 19 25 27 1 20 28 8 0 21 23 29
230,185255251,182535822,13 17 7 5 2 12 26 6 10 14 34 9 18 3 35 31 22 24 15 4 11 30 16 32 33 19 25 27 1 20 28 8 0 21 23 29
231,184542839,182535822,13 17 7 5 2 12 26 6 10 14 34 9 18 3 35 31 22 24 15 4 11 30 16 32 33 19 25 27 1 20 28 8 0 21 23 29
232,183486060,182535822,13 17 7 5 2 12 26 6 10 14 34 9 18 3 35 31 22 24 15 4 11 30 16 32 33 19 25 27 1 20 28 8 0 21 23 29
233,182427707,182427707,28 17 7 5 2 25 26 8 16 14 34 12 18 3 22 31 9 24 15 4 11 30 6 32 33 19 35 27 1 20 29 10 13 21 23 0
234,184039568,182427707,28 17 7 5 2 25 26 8 16 14 34 12 18 3 22 31 9 24 15 4 11 30 6 32 33 19 35 27 1 20 29 10 13 21 23 0
235,184269395,182427707,28 17 7 5 2 25 26 8 16 14 34 12 18 3 22 31 9 24 15 4 11 30 6 32 33 19 35 27 1 20 29 10 13 21 23 0
236,183313115,182427707,28 17 7 5 2 25 26 8 16 14 34 12 18 3 22 31 9 24 15 4 11 30 6 32 33 19 35 27 1 20 29 10 13 21 23 0
237,181632138,181632138,28 0 7 30 2 35 26 6 10 14 34 12 18 5 8 11 9 24 15 4 3 19 16 32 33 31 22 27 20 1 23 17 13 21 29 25
238,182913045,181632138,28 0 7 30 2 35 26 6 10 14 34 12 18 5 8 11 9 24 15 4 3 19 16 32 33 31 22 27 20 1 23 17 13 21 29 25
239,184123428,181632138,28 0 7 30 2 35 26 6 10 14 34 12 18 5 8 11 9 24 15 4 3 19 16 32 33 31 22 27 20 1 23 17 13 21 29 25
240,183736823,181632138,28 0 7 30 2 35 26 6 10 14 34 12 18 5 8 11 9 24 15 4 3 19 16 32 33 31 22 27 20 1 23 17 13 21 29 25
241,182815046,181632138,28 0 7 30 2 35 26 6 10 14 34 12 18 5 8 11 9 24 15 4 3 19 16 32 33 31 22 27 20 1 23 17 13 21 29 25
242,183385978,181632138,28 0 7 30 2 35 26 6 10 14 34 12 18 5 8 11 9 24 15 4 3 19 16 32 33 31 22 27 20 1 23 17 13 21 29 25
243,184182129,181632138,28 0 7 30 2 35 26 6 10 14 34 12 18 5 8 11 9 24 15 4 3 19 16 32 33 31 22 27 20 1 23 17 13 21 29 25
244,183555552,181632138,28 0 7 30 2 35 26 6 10 14 34 12 18 5 8 11 9 24 15 4 3 19 16 32 33 31 22 27 20 1 23 17 13 21 29 25
245,183724449,181632138,28 0 7 30 2 35 26 6 10 14 34 12 18 5 8 11 9 24 15 4 3 19 16 32 33 31 22 27 20 1 23 17 13 21 29 25
246,183708279,181632138,28 0 7 30 2 35 26 6 10 14 34 12 18 5 8 11 9 24 15 4 3 19 16 32 33 31 22 27 20 1 23 17 13 21 29 25
247,181917936,181632138,28 0 7 30 2 35 26 6 10 14 34 12 18 5 8 11 9 24 15 4 3 19 16 32 33 31 22 27 20 1 23 17 13 21 29 25
248,182790187,181632138,28 0 7 30 2 35 26 6 10 14 34 12 18 5 8 11 9 24 15 4 3 19 16 32 33 31 22 27 20 1 23 17 13 21 29 25
249,183796475,181632138,28 0 7 30 2 35 26 6 10 14 34 12 18 5 8 11 9 24 15 4 3 19 16 32 33 31 22 27 20 1 23 17 13 21 29 25
250,183605687,181632138,28 0 7 30 2 35 26 6 10 14 34 12 18 5 8 11 9 24 15 4 3 19 16 32 33 31 22 27 20 1 23 17 13 21 29 25
251,183060757,181632138,28 0 7 30 2 35 26 6 10 14 34 12 18 5 8 11 9 24 15 4 3 19 16 32 33 31 22 27 20 1 23 17 13 21 29 25
252,183264484,181632138,28 0 7 30 2 35 26 6 10 14 34 12 18 5 8 11 9 24 15 4 3 19 16 32 33 31 22 27 20 1 23 17 13 21 29 25
253,183075572,181632138,28 0 7 30 2 35 26 6 10 14 34 12 18 5 8 11 9 24 15 4 3 19 16 32 33 31 22 27 20 1 23 17 13 21 29 25
254,182746660,181632138,28 0 7 30 2 35 26 6 10 14 34 12 18 5 8 11 9 24 15 4 3 19 16 32 33 31 22 27 20 1 23 17 13 21 29 25
255,183537479,181632138,28 0 7 30 2 35 26 6 10 14 34 12 18 5 8 11 9 24 15 4 3 19 16 32 33 31 22 27 20 1 23 17 13 21 29 25
256,182979095,181632138,28 0 7 30 2 35 26 6 10 14 34 12 18 5 8 11 9 24 15 4 3 19 16 32 33 31 22 27 20 1 23 17 13 21 29 25
257,182747082,181632138,28 0 7 30 2 35 26 6 10 14 34 12 18 5 8 11 9 24 15 4 3 19 16 32 33 31 22 27 20 1 23 17 13 21 29 25
258,182990210,181632138,28 0 7 30 2 35 26 6 10 14 34 12 18 5 8 11 9 24 15 4 3 19 16 32 33 31 22 27 20 1 23 17 13 21 29 25
259,182952496,181632138,28 0 7 30 2 35 26 6 10 14 34 12 18 5 8 11 9 24 15 4 3 19 16 32 33 31 22 27 20 1 23 17 13 21 29 25
260,182365129,181632138,28 0 7 30 2 35 26 6 10 14 34 12 18 5 8 11 9 24 15 4 3 19 16 32 33 31 22 27 20 1 23 17 13 21 29 25
261,181299071,181299071,28 0 7 30 2 25 26 6 10 14 34 12 18 3 8 31 9 29 15 4 11 19 16 35 33 13 22 32 1 23 27 17 24 21 20 5
262,182327806,181299071,28 0 7 30 2 25 26 6 10 14 34 12 18 3 8 31 9 29 15 4 11 19 16 35 33 13 22 32 1 23 27 17 24 21 20 5
263,182653211,181299071,28 0 7 30 2 25 26 6 10 14 34 12 18 3 8 31 9 29 15 4 11 19 16 35 33 13 22 32 1 23 27 17 24 21 20 5
264,182245693,181299071,28 0 7 30 2 25 26 6 10 14 34 12 18 3 8 31 9 29 15 4 11 19 16 35 33 13 22 32 1 23 27 17 24 21 20 5
265,182162113,181299071,28 0 7 30 2 25 26 6 10 14 34 12 18 3 8 31 9 29 15 4 11 19 16 35 33 13 22 32 1 23 27 17 24 21 20 5
266,182277516,181299071,28 0 7 30 2 25 26 6 10 14 34 12 18 3 8 31 9 29 15 4 11 19 16 35 33 13 22 32 1 23 27 17 24 21 20 5
267,182569029,181299071,28 0 7 30 2 25 26 6 10 14 34 12 18 3 8 31 9 29 15 4 11 19 16 35 33 13 22 32 1 23 27 17 24 21 20 5
268,182784922,181299071,28 0 7 30 2 25 26 6 10 14 34 12 18 3 8 31 9 29 15 4 11 19 16 35 33 13 22 32 1 23 27 17 24 21 20 5
269,182556437,181299071,28 0 7 30 2 25 26 6 10 14 34 12 18 3 8 31 9 29 15 4 11 19 16 35 33 13 22 32 1 23 27 17 24 21 20 5
270,181859309,181299071,28 0 7 30 2 25 26 6 10 14 34 12 18 3 8 31 9 29 15 4 11 19 16 35 33 13 22 32 1 23 27 17 24 21 20 5
271,182440667,181299071,28 0 7 30 2 25 26 6 10 14 34 12 18 3 8 31 9 29 15 4 11 19 16 35 33 13 22 32 1 23 27 17 24 21 20 5
272,182538373,181299071,28 0 7 30 2 25 26 6 10 14 34 12 18 3 8 31 9 29 15 4 11 19 16 35 33 13 22 32 1 23 27 17 24 21 20 5
273,182675469,181299071,28 0 7 30 2 25 26 6 10 14 34 12 18 3 8 31 9 29 15 4 11 19 16 35 33 13 22 32 1 23 27 17 24 21 20 5
274,183057176,181299071,28 0 7 30 2 25 26 6 10 14 34 12 18 3 8 31 9 29 15 4 11 19 16 35 33 13 22 32 1 23 27 17 24 21 20 5
275,182681171,181299071,28 0 7 30 2 25 26 6 10 14 34 12 18 3 8 31 9 29 15 4 11 19 16 35 33 13 22 32 1 23 27 17 24 21 20 5
276,182322556,181299071,28 0 7 30 2 25 26 6 10 14 34 12 18 3 8 31 9 29 15 4 11 19 16 35 33 13 22 32 1 23 27 17 24 21 20 5
277,180814259,180814259,28 17 7 30 2 25 26 6 10 0 34 12 16 3 8 31 9 29 15 4 11 19 24 35 33 13 22 32 1 23 27 20 14 21 18 5
278,182108495,180814259,28 17 7 30 2 25 26 6 10 0 34 12 16 3 8 31 9 29 15 4 11 19 24 35 33 13 22 32 1 23 27 20 14 21 18 5
279,181837423,180814259,28 17 7 30 2 25 26 6 10 0 34 12 16 3 8 31 9 29 15 4 11 19 24 35 33 13 22 32 1 23 27 20 14 21 18 5
280,182796661,180814259,28 17 7 30 2 25 26 6 10 0 34 12 16 3 8 31 9 29 15 4 11 19 24 35 33 13 22 32 1 23 27 20 14 21 18 5
281,182434619,180814259,28 17 7 30 2 25 26 6 10 0 34 12 16 3 8 31 9 29 15 4 11 19 24 35 33 13 22 32 1 23 27 20 14 21 18 5
282,183147629,180814259,28 17 7 30 2 25 26 6 10 0 34 12 16 3 8 31 9 29 15 4 11 19 24 35 33 13 22 32 1 23 27 20 14 21 18 5
283,182506260,180814259,28 17 7 30 2 25 26 6 10 0 34 12 16 3 8 31 9 29 15 4 11 19 24 35 33 13 22 32 1 23 27 20 14 21 18 5
284,181965372,180814259,28 17 7 30 2 25 26 6 10 0 34 12 16 3 8 31 9 29 15 4 11 19 24 35 33 13 22 32 1 23 27 20 14 21 18 5
285,182624901,180814259,28 17 7 30 2 25 26 6 10 0 34 12 16 3 8 31 9 29 15 4 11 19 24 35 33 13 22 32 1 23 27 20 14 21 18 5
286,181744485,180814259,28 17 7 30 2 25 26 6 10 0 34 12 16 3 8 31 9 29 15 4 11 19 24 35 33 13 22 32 1 23 27 20 14 21 18 5
287,181736379,180814259,28 17 7 30 2 25 26 6 10 0 34 12 16 3 8 31 9 29 15 4 11 19 24 35 33 13 22 32 1 23 27 20 14 21 18 5
288,181883342,180814259,28 17 7 30 2 25 26 6 10 0 34 12 16 3 8 31 9 29 15 4 11 19 24 35 33 13 22 32 1 23 27 20 14 21 18 5
289,180645049,180645049,28 17 7 5 2 19 26 6 10 14 34 12 16 3 8 11 9 29 15 4 0 30 24 35 33 13 22 32 1 23 27 20 21 18 25 31
290,181355617,180645049,28 17 7 5 2 19 26 6 10 14 34 12 16 3 8 11 9 29 15 4 0 30 24 35 33 13 22 32 1 23 27 20 21 18 25 31
291,182390802,180645049,28 17 7 5 2 19 26 6 10 14 34 12 16 3 8 11 9 29 15 4 0 30 24 35 33 13 22 32 1 23 27 20 21 18 25 31
292,181227860,180645049,28 17 7 5 2 19 26 6 10 14 34 12 16 3 8 11 9 29 15 4 0 30 24 35 33 13 22 32 1 23 27 20 21 18 25 31
293,182128084,180645049,28 17 7 5 2 19 26 6 10 14 34 12 16 3 8 11 9 29 15 4 0 30 24 35 33 13 22 32 1 23 27 20 21 18 25 31
294,182000545,180645049,28 17 7 5 2 19 26 6 10 14 34 12 16 3 8 11 9 29 15 4 0 30 24 35 33 13 22 32 1 23 27 20 21 18 25 31
295,181729824,180645049,28 17 7 5 2 19 26 6 10 14 34 12 16 3 8 11 9 29 15 4 0 30 24 35 33 13 22 32 1 23 27 20 21 18 25 31
296,183013679,180645049,28 17 7 5 2 19 26 6 10 14 34 12 16 3 8 11 9 29 15 4 0 30 24 35 33 13 22 32 1 23 27 20 21 18 25 31
297,180761624,180645049,28 17 7 5 2 19 26 6 10 14 34 12 16 3 8 11 9 29 15 4 0 30 24 35 33 13 22 32 1 23 27 20 21 18 25 31
298,181871891,180645049,28 17 7 5 2 19 26 6 10 14 34 12 16 3 8 11 9 29 15 4 0 30 24 35 33 13 22 32 1 23 27 20 21 18 25 31
299,181571823,180645049,28 17 7 5 2 19 26 6 10 14 34 12 16 3 8 11 9 29 15 4 0 30 24 35 33 13 22 32 1 23 27 20 21 18 25 31
300,181363236,180645049,28 17 7 5 2 19 26 6 10 14 34 12 16 3 8 11 9 29 15 4 0 30 24 35 33 13 22 32 1 23 27 20 21 18 25 31
301,181588430,180645049,28 17 7 5 2 19 26 6 10 14 34 12 16 3 8 11 9 29 15 4 0 30 24 35 33 13 22 32 1 23 27 20 21 18 25 31
302,181230041,180645049,28 17 7 5 2 19 26 6 10 14 34 12 16 3 8 11 9 29 15 4 0 30 24 35 33 13 22 32 1 23 27 20 21 18 25 31
303,180961407,180645049,28 17 7 5 2 19 26 6 10 14 34 12 16 3 8 11 9 29 15 4 0 30 24 35 33 13 22 32 1 23 27 20 21 18 25 31
304,180580471,180580471,28 0 7 5 2 16 26 6 10 14 34 12 18 3 8 31 9 29 15 4 11 30 24 35 33 13 22 27 1 23 21 20 32 19 25 17
305,180974972,180580471,28 0 7 5 2 16 26 6 10 14 34 12 18 3 8 31 9 29 15 4 11 30 24 35 33 13 22 27 1 23 21 20 32 19 25 17
306,181503622,180580471,28 0 7 5 2 16 26 6 10 14 34 12 18 3 8 31 9 29 15 4 11 30 24 35 33 13 22 27 1 23 21 20 32 19 25 17
307,182255651,180580471,28 0 7 5 2 16 26 6 10 14 34 12 18 3 8 31 9 29 15 4 11 30 24 35 33 13 22 27 1 23 21 20 32 19 25 17
308,180908275,180580471,28 0 7 5 2 16 26 6 10 14 34 12 18 3 8 31 9 29 15 4 11 30 24 35 33 13 22 27 1 23 21 20 32 19 25 17
309,181897844,180580471,28 0 7 5 2 16 26 6 10 14 34 12 18 3 8 31 9 29 15 4 11 30 24 35 33 13 22 27 1 23 21 20 32 19 25 17
310,180776266,180580471,28 0 7 5 2 16 26 6 10 14 34 12 18 3 8 31 9 29 15 4 11 30 24 35 33 13 22 27 1 23 21 20 32 19 25 17
311,180209756,180209756,28 0 7 5 2 19 26 6 10 14 34 12 18 3 8 11 9 29 15 4 21 30 24 35 33 13 22 27 1 23 17 20 32 31 25 16
312,181254500,180209756,28 0 7 5 2 19 26 6 10 14 34 12 18 3 8 11 9 29 15 4 21 30 24 35 33 13 22 27 1 23 17 20 32 31 25 16
313,181325003,180209756,28 0 7 5 2 19 26 6 10 14 34 12 18 3 8 11 9 29 15 4 21 30 24 35 33 13 22 27 1 23 17 20 32 31 25 16
314,180682837,180209756,28 0 7 5 2 19 26 6 10 14 34 12 18 3 8 11 9 29 15 4 21 30 24 35 33 13 22 27 1 23 17 20 32 31 25 16
315,180054952,180054952,28 0 7 29 2 25 26 6 10 14 34 12 18 3 8 31 9 16 15 4 11 30 24 35 33 13 22 32 1 23 17 20 21 19 27 5
316,181853655,180054952,28 0 7 29 2 25 26 6 10 14 34 12 18 3 8 31 9 16 15 4 11 30 24 35 33 13 22 32 1 23 17 20 21 19 27 5
317,181216554,180054952,28 0 7 29 2 25 26 6 10 14 34 12 18 3 8 31 9 16 15 4 11 30 24 35 33 13 22 32 1 23 17 20 21 19 27 5
318,181872805,180054952,28 0 7 29 2 25 26 6 10 14 34 12 18 3 8 31 9 16 15 4 11 30 24 35 33 13 22 32 1 23 17 20 21 19 27 5
319,180675986,180054952,28 0 7 29 2 25 26 6 10 14 34 12 18 3 8 31 9 16 15 4 11 30 24 35 33 13 22 32 1 23 17 20 21 19 27 5
320,179948433,179948433,28 0 7 5 2 35 26 6 10 14 34 12 18 3 30 31 9 29 15 4 11 19 24 32 33 13 22 27 1 23 17 20 21 8 25 16
321,179170157,179170157,28 0 7 5 2 19 26 6 10 14 34 12 18 3 8 11 9 35 15 4 21 30 24 32 33 13 22 27 1 23 17 20 31 16 25 29
322,181591023,179170157,28 0 7 5 2 19 26 6 10 14 34 12 18 3 8 11 9 35 15 4 21 30 24 32 33 13 22 27 1 23 17 20 31 16 25 29
323,181136505,179170157,28 0 7 5 2 19 26 6 10 14 34 12 18 3 8 11 9 35 15 4 21 30 24 32 33 13 22 27 1 23 17 20 31 16 25 29
324,181108629,179170157,28 0 7 5 2 19 26 6 10 14 34 12 18 3 8 11 9 35 15 4 21 30 24 32 33 13 22 27 1 23 17 20 31 16 25 29
325,181920958,179170157,28 0 7 5 2 19 26 6 10 14 34 12 18 3 8 11 9 35 15 4 21 30 24 32 33 13 22 27 1 23 17 20 31 16 25 29
326,180068063,179170157,28 0 7 5 2 19 26 6 10 14 34 12 18 3 8 11 9 35 15 4 21 30 24 32 33 13 22 27 1 23 17 20 31 16 25 29
327,181464697,179170157,28 0 7 5 2 19 26 6 10 14 34 12 18 3 8 11 9 35 15 4 21 30 24 32 33 13 22 27 1 23 17 20 31 16 25 29
328,180920653,179170157,28 0 7 5 2 19 26 6 10 14 34 12 18 3 8 11 9 35 15 4 21 30 24 32 33 13 22 27 1 23 17 20 31 16 25 29
329,181238224,179170157,28 0 7 5 2 19 26 6 10 14 34 12 18 3 8 11 9 35 15 4 21 30 24 32 33 13 22 27 1 23 17 20 31 16 25 29
330,180125400,179170157,28 0 7 5 2 19 26 6 10 14 34 12 18 3 8 11 9 35 15 4 21 30 24 32 33 13 22 27 1 23 17 20 31 16 25 29
331,180212431,179170157,28 0 7 5 2 19 26 6 10 14 34 12 18 3 8 11 9 35 15 4 21 30 24 32 33 13 22 27 1 23 17 20 31 16 25 29
332,179768508,179170157,28 0 7 5 2 19 26 6 10 14 34 12 18 3 8 11 9 35 15 4 21 30 24 32 33 13 22 27 1 23 17 20 31 16 25 29
333,181560449,179170157,28 0 7 5 2 19 26 6 10 14 34 12 18 3 8 11 9 35 15 4 21 30 24 32 33 13 22 27 1 23 17 20 31 16 25 29
334,180882134,179170157,28 0 7 5 2 19 26 6 10 14 34 12 18 3 8 11 9 35 15 4 21 30 24 32 33 13 22 27 1 23 17 20 31 16 25 29
335,179817494,179170157,28 0 7 5 2 19 26 6 10 14 34 12 18 3 8 11 9 35 15 4 21 30 24 32 33 13 22 27 1 23 17 20 31 16 25 29
336,180850633,179170157,28 0 7 5 2 19 26 6 10 14 34 12 18 3 8 11 9 35 15 4 21 30 24 32 33 13 22 27 1 23 17 20 31 16 25 29
337,181297273,179170157,28 0 7 5 2 19 26 6 10 14 34 12 18 3 8 11 9 35 15 4 21 30 24 32 33 13 22 27 1 23 17 20 31 16 25 29
338,181119335,179170157,28 0 7 5 2 19 26 6 10 14 34 12 18 3 8 11 9 35 15 4 21 30 24 32 33 13 22 27 1 23 17 20 31 16 25 29
339,179012950,179012950,28 0 7 30 2 25 26 6 5 14 34 12 18 3 8 31 9 29 15 4 21 19 24 32 33 13 22 27 1 23 17 20 10 16 35 11
340,180310710,179012950,28 0 7 30 2 25 26 6 5 14 34 12 18 3 8 31 9 29 15 4 21 19 24 32 33 13 22 27 1 23 17 20 10 16 35 11
341,180688901,179012950,28 0 7 30 2 25 26 6 5 14 34 12 18 3 8 31 9 29 15 4 21 19 24 32 33 13 22 27 1 23 17 20 10 16 35 11
342,180615834,179012950,28 0 7 30 2 25 26 6 5 14 34 12 18 3 8 31 9 29 15 4 21 19 24 32 33 13 22 27 1 23 17 20 10 16 35 11
343,180790232,179012950,28 0 7 30 2 25 26 6 5 14 34 12 18 3 8 31 9 29 15 4 21 19 24 32 33 13 22 27 1 23 17 20 10 16 35 11
344,179942921,179012950,28 0 7 30 2 25 26 6 5 14 34 12 18 3 8 31 9 29 15 4 21 19 24 32 33 13 22 27 1 23 17 20 10 16 35 11
345,179370559,179012950,28 0 7 30 2 25 26 6 5 14 34 12 18 3 8 31 9 29 15 4 21 19 24 32 33 13 22 27 1 23 17 20 10 16 35 11
346,179675158,179012950,28 0 7 30 2 25 26 6 5 14 34 12 18 3 8 31 9 29 15 4 21 19 24 32 33 13 22 27 1 23 17 20 10 16 35 11
347,180302253,179012950,28 0 7 30 2 25 26 6 5 14 34 12 18 3 8 31 9 29 15 4 21 19 24 32 33 13 22 27 1 23 17 20 10 16 35 11
348,180774689,179012950,28 0 7 30 2 25 26 6 5 14 34 12 18 3 8 31 9 29 15 4 21 19 24 32 33 13 22 27 1 23 17 20 10 16 35 11
349,180700656,179012950,28 0 7 30 2 25 26 6 5 14 34 12 18 3 8 31 9 29 15 4 21 19 24 32 33 13 22 27 1 23 17 20 10 16 35 11
350,179593851,179012950,28 0 7 30 2 25 26 6 5 14 34 12 18 3 8 31 9 29 15 4 21 19 24 32 33 13 22 27 1 23 17 20 10 16 35 11
351,179584572,179012950,28 0 7 30 2 25 26 6 5 14 34 12 18 3 8 31 9 29 15 4 21 19 24 32 33 13 22 27 1 23 17 20 10 16 35 11
352,180715452,179012950,28 0 7 30 2 25 26 6 5 14 34 12 18 3 8 31 9 29 15 4 21 19 24 32 33 13 22 27 1 23 17 20 10 16 35 11
353,181009829,179012950,28 0 7 30 2 25 26 6 5 14 34 12 18 3 8 31 9 29 15 4 21 19 24 32 33 13 22 27 1 23 17 20 10 16 35 11
354,180194849,179012950,28 0 7 30 2 25 26 6 5 14 34 12 18 3 8 31 9 29 15 4 21 19 24 32 33 13 22 27 1 23 17 20 10 16 35 11
355,179802824,179012950,28 0 7 30 2 25 26 6 5 14 34 12 18 3 8 31 9 29 15 4 21 19 24 32 33 13 22 27 1 23 17 20 10 16 35 11
356,179012950,179012950,28 0 7 30 2 25 26 6 5 14 34 12 18 3 8 31 9 29 15 4 21 19 24 32 33 13 22 27 1 23 17 20 10 16 35 11
357,181085019,179012950,28 0 7 30 2 25 26 6 5 14 34 12 18 3 8 31 9 29 15 4 21 19 24 32 33 13 22 27 1 23 17 20 10 16 35 11
358,179752071,179012950,28 0 7 30 2 25 26 6 5 14 34 12 18 3 8 31 9 29 15 4 21 19 24 32 33 13 22 27 1 23 17 20 10 16 35 11
359,178432082,178432082,28 0 7 30 2 31 26 6 5 14 34 12 18 3 8 11 9 29 15 4 21 19 24 32 33 13 20 27 1 23 17 22 10 16 25 35
360,178806277,178432082,28 0 7 30 2 31 26 6 5 14 34 12 18 3 8 11 9 29 15 4 21 19 24 32 33 13 20 27 1 23 17 22 10 16 25 35
361,179799712,178432082,28 0 7 30 2 31 26 6 5 14 34 12 18 3 8 11 9 29 15 4 21 19 24 32 33 13 20 27 1 23 17 22 10 16 25 35
362,179792468,178432082,28 0 7 30 2 31 26 6 5 14 34 12 18 3 8 11 9 29 15 4 21 19 24 32 33 13 20 27 1 23 17 22 10 16 25 35
363,179170157,178432082,28 0 7 30 2 31 26 6 5 14 34 12 18 3 8 11 9 29 15 4 21 19 24 32 33 13 20 27 1 23 17 22 10 16 25 35
364,179836834,178432082,28 0 7 30 2 31 26 6 5 14 34 12 18 3 8 11 9 29 15 4 21 19 24 32 33 13 20 27 1 23 17 22 10 16 25 35
365,180885441,178432082,28 0 7 30 2 31 26 6 5 14 34 12 18 3 8 11 9 29 15 4 21 19 24 32 33 13 20 27 1 23 17 22 10 16 25 35
366,181053818,178432082,28 0 7 30 2 31 26 6 5 14 34 12 18 3 8 11 9 29 15 4 21 19 24 32 33 13 20 27 1 23 17 22 10 16 25 35
367,179027163,178432082,28 0 7 30 2 31 26 6 5 14 34 12 18 3 8 11 9 29 15 4 21 19 24 32 33 13 20 27 1 23 17 22 10 16 25 35
368,179901816,178432082,28 0 7 30 2 31 26 6 5 14 34 12 18 3 8 11 9 29 15 4 21 19 24 32 33 13 20 27 1 23 17 22 10 16 25 35
369,179574759,178432082,28 0 7 30 2 31 26 6 5 14 34 12 18 3 8 11 9 29 15 4 21 19 24 32 33 13 20 27 1 23 17 22 10 16 25 35
370,179718818,178432082,28 0 7 30 2 31 26 6 5 14 34 12 18 3 8 11 9 29 15 4 21 19 24 32 33 13 20 27 1 23 17 22 10 16 25 35
371,180770022,178432082,28 0 7 30 2 31 26 6 5 14 34 12 18 3 8 11 9 29 15 4 21 19 24 32 33 13 20 27 1 23 17 22 10 16 25 35
372,179800877,178432082,28 0 7 30 2 31 26 6 5 14 34 12 18 3 8 11 9 29 15 4 21 19 24 32 33 13 20 27 1 23 17 22 10 16 25 35
373,179501138,178432082,28 0 7 30 2 31 26 6 5 14 34 12 18 3 8 11 9 29 15 4 21 19 24 32 33 13 20 27 1 23 17 22 10 16 25 35
374,178598129,178432082,28 0 7 30 2 31 26 6 5 14 34 12 18 3 8 11 9 29 15 4 21 19 24 32 33 13 20 27 1 23 17 22 10 16 25 35
375,180764605,178432082,28 0 7 30 2 31 26 6 5 14 34 12 18 3 8 11 9 29 15 4 21 19 24 32 33 13 20 27 1 23 17 22 10 16 25 35
376,180090280,178432082,28 0 7 30 2 31 26 6 5 14 34 12 18 3 8 11 9 29 15 4 21 19 24 32 33 13 20 27 1 23 17 22 10 16 25 35
377,180156815,178432082,28 0 7 30 2 31 26 6 5 14 34 12 18 3 8 11 9 29 15 4 21 19 24 32 33 13 20 27 1 23 17 22 10 16 25 35
378,178123360,178123360,28 0 7 30 2 31 26 6 5 14 34 12 18 3 8 11 9 22 15 4 21 25 24 32 33 13 20 27 1 23 17 19 10 16 35 29
379,178181810,178123360,28 0 7 30 2 31 26 6 5 14 34 12 18 3 8 11 9 22 15 4 21 25 24 32 33 13 20 27 1 23 17 19 10 16 35 29
380,179017640,178123360,28 0 7 30 2 31 26 6 5 14 34 12 18 3 8 11 9 22 15 4 21 25 24 32 33 13 20 27 1 23 17 19 10 16 35 29
381,178589495,178123360,28 0 7 30 2 31 26 6 5 14 34 12 18 3 8 11 9 22 15 4 21 25 24 32 33 13 20 27 1 23 17 19 10 16 35 29
382,179748308,178123360,28 0 7 30 2 31 26 6 5 14 34 12 18 3 8 11 9 22 15 4 21 25 24 32 33 13 20 27 1 23 17 19 10 16 35 29
383,178672144,178123360,28 0 7 30 2 31 26 6 5 14 34 12 18 3 8 11 9 22 15 4 21 25 24 32 33 13 20 27 1 23 17 19 10 16 35 29
384,178223409,178123360,28 0 7 30 2 31 26 6 5 14 34 12 18 3 8 11 9 22 15 4 21 25 24 32 33 13 20 27 1 23 17 19 10 16 35 29
385,178484271,178123360,28 0 7 30 2 31 26 6 5 14 34 12 18 3 8 11 9 22 15 4 21 25 24 32 33 13 20 27 1 23 17 19 10 16 35 29
386,178487902,178123360,28 0 7 30 2 31 26 6 5 14 34 12 18 3 8 11 9 22 15 4 21 25 24 32 33 13 20 27 1 23 17 19 10 16 35 29
387,180027545,178123360,28 0 7 30 2 31 26 6 5 14 34 12 18 3 8 11 9 22 15 4 21 25 24 32 33 13 20 27 1 23 17 19 10 16 35 29
388,178589495,178123360,28 0 7 30 2 31 26 6 5 14 34 12 18 3 8 11 9 22 15 4 21 25 24 32 33 13 20 27 1 23 17 19 10 16 35 29
389,179411717,178123360,28 0 7 30 2 31 26 6 5 14 34 12 18 3 8 11 9 22 15 4 21 25 24 32 33 13 20 27 1 23 17 19 10 16 35 29
390,181252619,178123360,28 0 7 30 2 31 26 6 5 14 34 12 18 3 8 11 9 22 15 4 21 25 24 32 33 13 20 27 1 23 17 19 10 16 35 29
391,178528937,178123360,28 0 7 30 2 31 26 6 5 14 34 12 18 3 8 11 9 22 15 4 21 25 24 32 33 13 20 27 1 23 17 19 10 16 35 29
392,179963686,178123360,28 0 7 30 2 31 26 6 5 14 34 12 18 3 8 11 9 22 15 4 21 25 24 32 33 13 20 27 1 23 17 19 10 16 35 29
393,179483240,178123360,28 0 7 30 2 31 26 6 5 14 34 12 18 3 8 11 9 22 15 4 21 25 24 32 33 13 20 27 1 23 17 19 10 16 35 29
394,178988933,178123360,28 0 7 30 2 31 26 6 5 14 34 12 18 3 8 11 9 22 15 4 21 25 24 32 33 13 20 27 1 23 17 19 10 16 35 29
395,179971603,178123360,28 0 7 30 2 31 26 6 5 14 34 12 18 3 8 11 9 22 15 4 21 25 24 32 33 13 20 27 1 23 17 19 10 16 35 29
396,178410414,178123360,28 0 7 30 2 31 26 6 5 14 34 12 18 3 8 11 9 22 15 4 21 25 24 32 33 13 20 27 1 23 17 19 10 16 35 29
397,179544319,178123360,28 0 7 30 2 31 26 6 5 14 34 12 18 3 8 11 9 22 15 4 21 25 24 32 33 13 20 27 1 23 17 19 10 16 35 29
398,179257882,178123360,28 0 7 30 2 31 26 6 5 14 34 12 18 3 8 11 9 22 15 4 21 25 24 32 33 13 20 27 1 23 17 19 10 16 35 29
399,178458219,178123360,28 0 7 30 2 31 26 6 5 14 34 12 18 3 8 11 9 22 15 4 21 25 24 32 33 13 20 27 1 23 17 19 10 16 35 29
400,179409590,178123360,28 0 7 30 2 31 26 6 5 14 34 12 18 3 8 11 9 22 15 4 21 25 24 32 33 13 20 27 1 23 17 19 10 16 35 29
401,179559164,178123360,28 0 7 30 2 31 26 6 5 14 34 12 18 3 8 11 9 22 15 4 21 25 24 32 33 13 20 27 1 23 17 19 10 16 35 29
402,178982728,178123360,28 0 7 30 2 31 26 6 5 14 34 12 18 3 8 11 9 22 15 4 21 25 24 32 33 13 20 27 1 23 17 19 10 16 35 29
403,179176491,178123360,28 0 7 30 2 31 26 6 5 14 34 12 18 3 8 11 9 22 15 4 21 25 24 32 33 13 20 27 1 23 17 19 10 16 35 29
404,178734993,178123360,28 0 7 30 2 31 26 6 5 14 34 12 18 3 8 11 9 22 15 4 21 25 24 32 33 13 20 27 1 23 17 19 10 16 35 29
405,179792468,178123360,28 0 7 30 2 31 26 6 5 14 34 12 18 3 8 11 9 22 15 4 21 25 24 32 33 13 20 27 1 23 17 19 10 16 35 29
406,179656095,178123360,28 0 7 30 2 31 26 6 5 14 34 12 18 3 8 11 9 22 15 4 21 25 24 32 33 13 20 27 1 23 17 19 10 16 35 29
407,178123360,178123360,28 0 7 30 2 31 26 6 5 14 34 12 18 3 8 11 9 22 15 4 21 25 24 32 33 13 20 27 1 23 17 19 10 16 35 29
408,178123360,178123360,28 0 7 30 2 31 26 6 5 14 34 12 18 3 8 11 9 22 15 4 21 25 24 32 33 13 20 27 1 23 17 19 10 16 35 29
409,179609991,178123360,28 0 7 30 2 31 26 6 5 14 34 12 18 3 8 11 9 22 15 4 21 25 24 32 33 13 20 27 1 23 17 19 10 16 35 29
410,180071419,178123360,28 0 7 30 2 31 26 6 5 14 34 12 18 3 8 11 9 22 15 4 21 25 24 32 33 13 20 27 1 23 17 19 10 16 35 29
411,179077172,178123360,28 0 7 30 2 31 26 6 5 14 34 12 18 3 8 11 9 22 15 4 21 25 24 32 33 13 20 27 1 23 17 19 10 16 35 29
412,178795386,178123360,28 0 7 30 2 31 26 6 5 14 34 12 18 3 8 11 9 22 15 4 21 25 24 32 33 13 20 27 1 23 17 19 10 16 35 29
413,178498748,178123360,28 0 7 30 2 31 26 6 5 14 34 12 18 3 8 11 9 22 15 4 21 25 24 32 33 13 20 27 1 23 17 19 10 16 35 29
414,178080097,178080097,28 0 7 30 2 31 26 6 5 14 34 12 18 3 8 11 9 22 15 4 21 19 24 32 33 13 20 27 1 23 17 25 10 16 35 29
415,178123360,178080097,28 0 7 30 2 31 26 6 5 14 34 12 18 3 8 11 9 22 15 4 21 19 24 32 33 13 20 27 1 23 17 25 10 16 35 29
416,179151666,178080097,28 0 7 30 2 31 26 6 5 14 34 12 18 3 8 11 9 22 15 4 21 19 24 32 33 13 20 27 1 23 17 25 10 16 35 29
417,178957988,178080097,28 0 7 30 2 31 26 6 5 14 34 12 18 3 8 11 9 22 15 4 21 19 24 32 33 13 20 27 1 23 17 25 10 16 35 29
418,178129605,178080097,28 0 7 30 2 31 26 6 5 14 34 12 18 3 8 11 9 22 15 4 21 19 24 32 33 13 20 27 1 23 17 25 10 16 35 29
419,179382577,178080097,28 0 7 30 2 31 26 6 5 14 34 12 18 3 8 11 9 22 15 4 21 19 24 32 33 13 20 27 1 23 17 25 10 16 35 29
420,178432082,178080097,28 0 7 30 2 31 26 6 5 14 34 12 18 3 8 11 9 22 15 4 21 19 24 32 33 13 20 27 1 23 17 25 10 16 35 29
421,179181882,178080097,28 0 7 30 2 31 26 6 5 14 34 12 18 3 8 11 9 22 15 4 21 19 24 32 33 13 20 27 1 23 17 25 10 16 35 29
422,178050624,178050624,28 0 32 30 2 19 26 6 5 14 34 12 18 3 8 11 9 29 15 4 21 25 24 31 33 13 20 27 1 23 7 22 10 16 35 17
423,179666419,178050624,28 0 32 30 2 19 26 6 5 14 34 12 18 3 8 11 9 29 15 4 21 25 24 31 33 13 20 27 1 23 7 22 10 16 35 17
424,178080097,178050624,28 0 32 30 2 19 26 6 5 14 34 12 18 3 8 11 9 29 15 4 21 25 24 31 33 13 20 27 1 23 7 22 10 16 35 17
425,178253016,178050624,28 0 32 30 2 19 26 6 5 14 34 12 18 3 8 11 9 29 15 4 21 25 24 31 33 13 20 27 1 23 7 22 10 16 35 17
426,179285846,178050624,28 0 32 30 2 19 26 6 5 14 34 12 18 3 8 11 9 29 15 4 21 25 24 31 33 13 20 27 1 23 7 22 10 16 35 17
427,179394934,178050624,28 0 32 30 2 19 26 6 5 14 34 12 18 3 8 11 9 29 15 4 21 25 24 31 33 13 20 27 1 23 7 22 10 16 35 17
428,178480526,178050624,28 0 32 30 2 19 26 6 5 14 34 12 18 3 8 11 9 29 15 4 21 25 24 31 33 13 20 27 1 23 7 22 10 16 35 17
429,178590383,178050624,28 0 32 30 2 19 26 6 5 14 34 12 18 3 8 11 9 29 15 4 21 25 24 31 33 13 20 27 1 23 7 22 10 16 35 17
430,178080097,178050624,28 0 32 30 2 19 26 6 5 14 34 12 18 3 8 11 9 29 15 4 21 25 24 31 33 13 20 27 1 23 7 22 10 16 35 17
431,178930141,178050624,28 0 32 30 2 19 26 6 5 14 34 12 18 3 8 11 9 29 15 4 21 25 24 31 33 13 20 27 1 23 7 22 10 16 35 17
432,178879940,178050624,28 0 32 30 2 19 26 6 5 14 34 12 18 3 8 11 9 29 15 4 21 25 24 31 33 13 20 27 1 23 7 22 10 16 35 17
433,178224418,178050624,28 0 32 30 2 19 26 6 5 14 34 12 18 3 8 11 9 29 15 4 21 25 24 31 33 13 20 27 1 23 7 22 10 16 35 17
434,179077427,178050624,28 0 32 30 2 19 26 6 5 14 34 12 18 3 8 11 9 29 15 4 21 25 24 31 33 13 20 27 1 23 7 22 10 16 35 17
435,178814502,178050624,28 0 32 30 2 19 26 6 5 14 34 12 18 3 8 11 9 29 15 4 21 25 24 31 33 13 20 27 1 23 7 22 10 16 35 17
436,178345004,178050624,28 0 32 30 2 19 26 6 5 14 34 12 18 3 8 11 9 29 15 4 21 25 24 31 33 13 20 27 1 23 7 22 10 16 35 17
437,177794034,177794034,28 0 32 30 2 25 26 6 5 14 34 12 18 3 8 11 9 29 15 4 21 19 24 31 33 13 20 27 1 23 17 22 10 16 35 7
438,178429811,177794034,28 0 32 30 2 25 26 6 5 14 34 12 18 3 8 11 9 29 15 4 21 19 24 31 33 13 20 27 1 23 17 22 10 16 35 7
439,177861250,177794034,28 0 32 30 2 25 26 6 5 14 34 12 18 3 8 11 9 29 15 4 21 19 24 31 33 13 20 27 1 23 17 22 10 16 35 7
440,178123360,177794034,28 0 32 30 2 25 26 6 5 14 34 12 18 3 8 11 9 29 15 4 21 19 24 31 33 13 20 27 1 23 17 22 10 16 35 7
441,177219217,177219217,28 0 32 30 2 25 26 6 5 14 34 12 18 3 8 11 9 22 15 4 21 19 24 31 33 13 20 27 1 23 7 17 10 16 35 29
442,177534675,177219217,28 0 32 30 2 25 26 6 5 14 34 12 18 3 8 11 9 22 15 4 21 19 24 31 33 13 20 27 1 23 7 17 10 16 35 29
443,178104674,177219217,28 0 32 30 2 25 26 6 5 14 34 12 18 3 8 11 9 22 15 4 21 19 24 31 33 13 20 27 1 23 7 17 10 16 35 29
444,178109446,177219217,28 0 32 30 2 25 26 6 5 14 34 12 18 3 8 11 9 22 15 4 21 19 24 31 33 13 20 27 1 23 7 17 10 16 35 29
445,178013553,177219217,28 0 32 30 2 25 26 6 5 14 34 12 18 3 8 11 9 22 15 4 21 19 24 31 33 13 20 27 1 23 7 17 10 16 35 29
446,178123360,177219217,28 0 32 30 2 25 26 6 5 14 34 12 18 3 8 11 9 22 15 4 21 19 24 31 33 13 20 27 1 23 7 17 10 16 35 29
447,178741006,177219217,28 0 32 30 2 25 26 6 5 14 34 12 18 3 8 11 9 22 15 4 21 19 24 31 33 13 20 27 1 23 7 17 10 16 35 29
448,177441165,177219217,28 0 32 30 2 25 26 6 5 14 34 12 18 3 8 11 9 22 15 4 21 19 24 31 33 13 20 27 1 23 7 17 10 16 35 29
449,178647190,177219217,28 0 32 30 2 25 26 6 5 14 34 12 18 3 8 11 9 22 15 4 21 19 24 31 33 13 20 27 1 23 7 17 10 16 35 29
450,178614232,177219217,28 0 32 30 2 25 26 6 5 14 34 12 18 3 8 11 9 22 15 4 21 19 24 31 33 13 20 27 1 23 7 17 10 16 35 29
451,178573830,177219217,28 0 32 30 2 25 26 6 5 14 34 12 18 3 8 11 9 22 15 4 21 19 24 31 33 13 20 27 1 23 7 17 10 16 35 29
452,179496510,177219217,28 0 32 30 2 25 26 6 5 14 34 12 18 3 8 11 9 22 15 4 21 19 24 31 33 13 20 27 1 23 7 17 10 16 35 29
453,178883609,177219217,28 0 32 30 2 25 26 6 5 14 34 12 18 3 8 11 9 22 15 4 21 19 24 31 33 13 20 27 1 23 7 17 10 16 35 29
454,178038835,177219217,28 0 32 30 2 25 26 6 5 14 34 12 18 3 8 11 9 22 15 4 21 19 24 31 33 13 20 27 1 23 7 17 10 16 35 29
455,177830458,177219217,28 0 32 30 2 25 26 6 5 14 34 12 18 3 8 11 9 22 15 4 21 19 24 31 33 13 20 27 1 23 7 17 10 16 35 29
456,177972776,177219217,28 0 32 30 2 25 26 6 5 14 34 12 18 3 8 11 9 22 15 4 21 19 24 31 33 13 20 27 1 23 7 17 10 16 35 29
457,178123360,177219217,28 0 32 30 2 25 26 6 5 14 34 12 18 3 8 11 9 22 15 4 21 19 24 31 33 13 20 27 1 23 7 17 10 16 35 29
458,178196511,177219217,28 0 32 30 2 25 26 6 5 14 34 12 18 3 8 11 9 22 15 4 21 19 24 31 33 13 20 27 1 23 7 17 10 16 35 29
459,177973546,177219217,28 0 32 30 2 25 26 6 5 14 34 12 18 3 8 11 9 22 15 4 21 19 24 31 33 13 20 27 1 23 7 17 10 16 35 29
460,178594307,177219217,28 0 32 30 2 25 26 6 5 14 34 12 18 3 8 11 9 22 15 4 21 19 24 31 33 13 20 27 1 23 7 17 10 16 35 29
461,177984507,177219217,28 0 32 30 2 25 26 6 5 14 34 12 18 3 8 11 9 22 15 4 21 19 24 31 33 13 20 27 1 23 7 17 10 16 35 29
462,176806975,176806975,28 0 31 30 2 25 26 6 5 14 34 12 18 3 8 11 9 22 15 4 21 19 24 32 33 13 20 27 1 23 7 17 10 16 35 29
463,177680986,176806975,28 0 31 30 2 25 26 6 5 14 34 12 18 3 8 11 9 22 15 4 21 19 24 32 33 13 20 27 1 23 7 17 10 16 35 29
464,177718436,176806975,28 0 31 30 2 25 26 6 5 14 34 12 18 3 8 11 9 22 15 4 21 19 24 32 33 13 20 27 1 23 7 17 10 16 35 29
465,177219217,176806975,28 0 31 30 2 25 26 6 5 14 34 12 18 3 8 11 9 22 15 4 21 19 24 32 33 13 20 27 1 23 7 17 10 16 35 29
466,179149911,176806975,28 0 31 30 2 25 26 6 5 14 34 12 18 3 8 11 9 22 15 4 21 19 24 32 33 13 20 27 1 23 7 17 10 16 35 29
467,177572117,176806975,28 0 31 30 2 25 26 6 5 14 34 12 18 3 8 11 9 22 15 4 21 19 24 32 33 13 20 27 1 23 7 17 10 16 35 29
468,179479773,176806975,28 0 31 30 2 25 26 6 5 14 34 12 18 3 8 11 9 22 15 4 21 19 24 32 33 13 20 27 1 23 7 17 10 16 35 29
469,177529316,176806975,28 0 31 30 2 25 26 6 5 14 34 12 18 3 8 11 9 22 15 4 21 19 24 32 33 13 20 27 1 23 7 17 10 16 35 29
470,177219217,176806975,28 0 31 30 2 25 26 6 5 14 34 12 18 3 8 11 9 22 15 4 21 19 24 32 33 13 20 27 1 23 7 17 10 16 35 29
471,177885104,176806975,28 0 31 30 2 25 26 6 5 14 34 12 18 3 8 11 9 22 15 4 21 19 24 32 33 13 20 27 1 23 7 17 10 16 35 29
472,178578201,176806975,28 0 31 30 2 25 26 6 5 14 34 12 18 3 8 11 9 22 15 4 21 19 24 32 33 13 20 27 1 23 7 17 10 16 35 29
473,177705956,176806975,28 0 31 30 2 25 26 6 5 14 34 12 18 3 8 11 9 22 15 4 21 19 24 32 33 13 20 27 1 23 7 17 10 16 35 29
474,176806975,176806975,28 0 31 30 2 25 26 6 5 14 34 12 18 3 8 11 9 22 15 4 21 19 24 32 33 13 20 27 1 23 7 17 10 16 35 29
475,177219217,176806975,28 0 31 30 2 25 26 6 5 14 34 12 18 3 8 11 9 22 15 4 21 19 24 32 33 13 20 27 1 23 7 17 10 16 35 29
476,177198833,176806975,28 0 31 30 2 25 26 6 5 14 34 12 18 3 8 11 9 22 15 4 21 19 24 32 33 13 20 27 1 23 7 17 10 16 35 29
477,176806975,176806975,28 0 31 30 2 25 26 6 5 14 34 12 18 3 8 11 9 22 15 4 21 19 24 32 33 13 20 27 1 23 7 17 10 16 35 29
478,177043548,176806975,28 0 31 30 2 25 26 6 5 14 34 12 18 3 8 11 9 22 15 4 21 19 24 32 33 13 20 27 1 23 7 17 10 16 35 29
479,176965298,176806975,28 0 31 30 2 25 26 6 5 14 34 12 18 3 8 11 9 22 15 4 21 19 24 32 33 13 20 27 1 23 7 17 10 16 35 29
480,177219217,176806975,28 0 31 30 2 25 26 6 5 14 34 12 18 3 8 11 9 22 15 4 21 19 24 32 33 13 20 27 1 23 7 17 10 16 35 29
481,178552693,176806975,28 0 31 30 2 25 26 6 5 14 34 12 18 3 8 11 9 22 15 4 21 19 24 32 33 13 20 27 1 23 7 17 10 16 35 29
482,177877084,176806975,28 0 31 30 2 25 26 6 5 14 34 12 18 3 8 11 9 22 15 4 21 19 24 32 33 13 20 27 1 23 7 17 10 16 35 29
483,176806975,176806975,28 0 31 30 2 25 26 6 5 14 34 12 18 3 8 11 9 22 15 4 21 19 24 32 33 13 20 27 1 23 7 17 10 16 35 29
484,177607785,176806975,28 0 31 30 2 25 26 6 5 14 34 12 18 3 8 11 9 22 15 4 21 19 24 32 33 13 20 27 1 23 7 17 10 16 35 29
485,177426985,176806975,28 0 31 30 2 25 26 6 5 14 34 12 18 3 8 11 9 22 15 4 21 19 24 32 33 13 20 27 1 23 7 17 10 16 35 29
486,177838720,176806975,28 0 31 30 2 25 26 6 5 14 34 12 18 3 8 11 9 22 15 4 21 19 24 32 33 13 20 27 1 23 7 17 10 16 35 29
487,180045111,176806975,28 0 31 30 2 25 26 6 5 14 34 12 18 3 8 11 9 22 15 4 21 19 24 32 33 13 20 27 1 23 7 17 10 16 35 29
488,177876097,176806975,28 0 31 30 2 25 26 6 5 14 34 12 18 3 8 11 9 22 15 4 21 19 24 32 33 13 20 27 1 23 7 17 10 16 35 29
489,177441165,176806975,28 0 31 30 2 25 26 6 5 14 34 12 18 3 8 11 9 22 15 4 21 19 24 32 33 13 20 27 1 23 7 17 10 16 35 29
490,177419505,176806975,28 0 31 30 2 25 26 6 5 14 34 12 18 3 8 11 9 22 15 4 21 19 24 32 33 13 20 27 1 23 7 17 10 16 35 29
491,177219217,176806975,28 0 31 30 2 25 26 6 5 14 34 12 18 3 8 11 9 22 15 4 21 19 24 32 33 13 20 27 1 23 7 17 10 16 35 29
492,179751903,176806975,28 0 31 30 2 25 26 6 5 14 34 12 18 3 8 11 9 22 15 4 21 19 24 32 33 13 20 27 1 23 7 17 10 16 35 29
493,179563822,176806975,28 0 31 30 2 25 26 6 5 14 34 12 18 3 8 11 9 22 15 4 21 19 24 32 33 13 20 27 1 23 7 17 10 16 35 29
494,176806975,176806975,28 0 31 30 2 25 26 6 5 14 34 12 18 3 8 11 9 22 15 4 21 19 24 32 33 13 20 27 1 23 7 17 10 16 35 29
495,177219217,176806975,28 0 31 30 2 25 26 6 5 14 34 12 18 3 8 11 9 22 15 4 21 19 24 32 33 13 20 27 1 23 7 17 10 16 35 29
496,176806975,176806975,28 0 31 30 2 25 26 6 5 14 34 12 18 3 8 11 9 22 15 4 21 19 24 32 33 13 20 27 1 23 7 17 10 16 35 29
497,178006251,176806975,28 0 31 30 2 25 26 6 5 14 34 12 18 3 8 11 9 22 15 4 21 19 24 32 33 13 20 27 1 23 7 17 10 16 35 29
498,177534675,176806975,28 0 31 30 2 25 26 6 5 14 34 12 18 3 8 11 9 22 15 4 21 19 24 32 33 13 20 27 1 23 7 17 10 16 35 29
499,176806975,176806975,28 0 31 30 2 25 26 6 5 14 34 12 18 3 8 11 9 22 15 4 21 19 24 32 33 13 20 27 1 23 7 17 10 16 35 29
500,177461260,176806975,28 0 31 30 2 25 26 6 5 14 34 12 18 3 8 11 9 22 15 4 21 19 24 32 33 13 20 27 1 23 7 17 10 16 35 29
